{
  "input_file": "data/nq_open_50k_random.jsonl",
  "model_name": "Qwen/Qwen2.5-0.5B-Instruct",
  "n_items": 50000,
  "quartile_size": 12500,
  "loss_min": 0.005358869209885597,
  "loss_max": 12.696861267089844,
  "loss_mean": 2.8802885988956595,
  "quartile_loss_means": {
    "q1": 0.8990640847897157,
    "q2": 1.844792499856949,
    "q3": 3.135464389438629,
    "q4": 5.641833421497345
  },
  "quartile_loss_ranges": {
    "q1": [
      0.005358869209885597,
      1.3486655950546265
    ],
    "q2": [
      1.3486791849136353,
      2.416705846786499
    ],
    "q3": [
      2.416740655899048,
      3.992142915725708
    ],
    "q4": [
      3.9921579360961914,
      12.696861267089844
    ]
  }
}